{
  "project_info": {
    "project_number": "386233199820",
    "firebase_url": "https://handy-tiger-189207.firebaseio.com",
    "project_id": "handy-tiger-189207",
    "storage_bucket": "handy-tiger-189207.appspot.com"
  },
  "client": [
    {
      "client_info": {
        "mobilesdk_app_id": "1:386233199820:android:1bbcdb4a3ee45d86",
        "android_client_info": {
          "package_name": "com.vvit.aammu.lmsvvit"
        }
      },
      "oauth_client": [
        {
          "client_id": "386233199820-h7uoa1h3s3ina9r97o4bsc1u62n65rli.apps.googleusercontent.com",
          "client_type": 3
        }
      ],
      "api_key": [
        {
          "current_key": "AIzaSyBUlghyV3oXS6gJNg84oLHF7p3n6tmDyls"
        }
      ],
      "services": {
        "analytics_service": {
          "status": 1
        },
        "appinvite_service": {
          "status": 1,
          "other_platform_oauth_client": []
        },
        "ads_service": {
          "status": 2
        }
      }
    }
  ],
  "configuration_version": "1"
}